result,result1,result2,result3
いさつ・する , greeting,社長をあいさつしに行きます , I’m going to say hi to the manager
（あいだ）, between,本と本の間にお金があります , There is money between the books
う（あう）," to come together, to fit, to suit, to match",,
ちゃん（あかちゃん）," baby, infant",,
がる（あがる）," to rise, to go up, to be raised, to increase",にかいにあがる , Go to the second floor。米の値段が上がった 
かんぼう ," baby, infant",,
く（あく）," to become less crowded, to thin out, to get empty",へやが空いている , The room is empty
クセサリー ,  accessories,お風呂に入る前にアクセサリーを抜いてね , Take off the accessories before taking a bath
げる ," to raise, to elevate, to give","このお土産、私にあげるの？You give me this souvenir, don’t you? その本をもちあげてこの本を下に入れる ", Lift that book up and put this book under it.
あさい ,  shallow,川があさい　, Shallow river
（あじ）," Taste, flavor",,
ジア , Asia,日本はアジアにある , Japan is in Asia
す , tomorrow,あすは火曜日です , Tomorrow is Tuesday
び（あそび）, playing,ぜひ遊びに来てください , Please pay a visit
まる（あつまる）," to gather, to collect",ここにはたくさんの人が集まる , A lot of people gather here
める（あつめる）, to collect,お金を集める , Collect money
ナウンサー , announcer,私はアナウンサーになりたいです , I want to become an announcer
フリカ , Africa,アフリカはとても暑いです , It’s very hot in Africa
メリカ , America,私はアメリカ人です , I am an American
やまる , to apologize,すぐあやまってください , Please apologize immediately
ルコール , alcohol,彼はアルコールを飲まない , He doesn’t drink alcohol
ルバイト , part-time job,アルバイトを探す , Find a part-time job
心（あんしん）," relief, peace of mind",安心してください , Please don’t worry
全（あんぜん）," safety, security",ここは安全です , It is safe here
んな ," Like that, such",あんな人たちと遊ばないでください , Don’t play with such people
内・する（あんない・する）," guidance, showing around",案内してくれますか , Can you show me the way?
下（いか）," not exceeding, below, under",18 歳以下, Under 18 years old
外（いがい）," with the exception of, excepting",この仕事があなた以外誰もできない , No one else can do this job except you
学（いがく）," medical science, medicine",医学を研究する , Study medicine
きる（いきる）," to live, to exist",私たちは生きるために食べる , We eat so that we can live.
くら～ても , no matter how,帰宅はいくら早くても7時になる , I’ll be home by seven at the soonest
見（いけん）," opinion, view",意見を聞かせてください , Please let us know what you think
（いし）, stone,大きい石 , Big stone
じめる ," to bully, to tease",彼はいつも私をいじめる , He always teases me
上（いじょう）," not less than, more than…",18歳以上 , Over 18 years old
ぐ（いそぐ）, to hurry,急ぐ必要はない , There’s no need to hurry
たす , to do,どうぞよろしくお願いいたします , Thank you for your cooperation
ただく ," to receive, to get",彼に本をいただきました , I got a book from him
度（いちど）," once, one time",もう一度言ってください , Please say it once more
っしょうけんめい ," very hard, with utmost effort, with all one’s might",仕事をいっしょうけんめいする , Work very hard
っぱい , full,おなかがいっぱいです , I’m full
（いと）," thread, yarn, string",針に糸を通す , Thread a needle
内（いない）," within, inside of",一週間以内に返事します , I will reply within a week
舎（いなか）," countryside, hometown",田舎に住んでいる , I live in the countryside
る（いのる）," to pray, to wish",神に祈る , Pray to god
らっしゃる ," to come, to go, to be (somewhere)",あなたもいらっしゃるのですか ," Are you going, too?"
いん , member ~会社員 (かいしゃいん) ,,
える（うえる）," to plant, to grow",木を植える , Plant a tree
かがう , to visit,先生の家にうかがう , Visit the teacher’s house
付（うけつけ）, reception (desk),受付でお待ちください , Please wait at the reception desk
ける（うける）," to receive, to get",試験を受ける , Take an exam
く（うごく）, to move,車が動かない , The car doesn’t move
そ , lie,うそを言う , Tell a lie
ち , inside,心の内を明かす , Reveal my mind
つ（うつ）, to hit,ボールを打つ , Hit a ball
しい（うつくしい）," beautiful, pretty",彼女は美しい , She is beautiful
す（うつす）," to transcribe, to photograph",写真を写す , Take a picture
る（うつる）," to move (house), to transfer (department), to be infected",時が移る , Time passes / 他の場所へ移る 
（うで）, arm,腕が痛い , My arm hurts
まい ," skillful, clever, delicious",口がうまい , He is fair-spoken / うまい食べ物 
（うら）," opposite side, behind",裏に何かがある , There’s something behind.
り場（うりば）," selling area, counter",宝くじ 売り場はどこですか , Where is the lottery counter?
れしい ," happy, glad",私はうれしいです , I’m happy.
ん ," yes, yeah, uh huh",,
転手（うんてんしゅ）, driver,彼はバスの運転手です , He is a driver.
転・する（うんてん・する）, driving,車を運転する , Drive a car.
動・する（うんどう・する）," exercise, physical training, movement",彼女は運動がよくできる , She is good at exercise.
スカレーター , escalator,エスカレーターに乗る , Get on an escalator.
（えだ）," branch, twig",枝を拾う , Pick up the branches.
ぶ（えらぶ）," to choose, to select",私はそれを選びます , I choose that.
んりょ・する ," modesty, hesitation",えんりょなく言ってください , Please feel free to say
いでになる , to come,いつおいでになるのかお知らせください , Please let us know when you are coming
祝い（おいわい）," congratulations, celebration",彼の誕生日をお祝いしましょう , Let’s celebrate his birthday
ートバイ , motorcycle,オートバイに乗る , Ride a motorcycle
かげ ," assistance, help, aid",私の成功は、先生のおかげです , I owe my success to my teacher
かしい ," strange, odd, weird",彼はおかしい , He is strange
（おく）," 100,000,000",日本の人口は 1 億を超えている , Japan’s population is over 100 million
上（おくじょう）, rooftop,青空を見たくなったら、屋上に行きます , I go to the rooftop if I want to see the blue sky
り物（おくりもの）," present, gift",贈り物を送る , Send a gift
る（おくる）, to send,手紙を送ります , Send a letter
れる（おくれる）," to be late, to be delayed",彼はいつも遅れる , He is always late
こさん , child,あなたのおこさんは元気ですか , Are your children well?
こす（おこす）, to wake up,私は夜中に子どもの泣き声で起こされた , I was woken by the child crying sound in the middle of the night
う（おこなう）," to perform, to carry out",試合を行う , Carry out a match
る（おこる）, to get angry,彼はすぐ怒る , <span style=background-color
し入れ（おしいれ）, closet,押し入れの中を調べる , Have a check in the closet
じょうさん , (another’s) <span style=background-color," yellow;>daughter, young lady.</span> かわいいおじょうさん ", Cute lady
宅（おたく）, your house,お宅はどちらですか , Where do you live?
ちる（おちる）," to fall down, to drop, to fall",恋に落ちる , Fall in love
っしゃる ," to say, to talk, to speak",おっしゃる通りです , I agree with you
（おっと）, husband,夫は出張している , My husband is on a business trip
つり , change (for a purchase),おつりを出す , Change
（おと）, sound,雷の音が聞こえる , I can hear the thunder sound
す（おとす）," to drop, to lose, to let fall",物を落す , Drop things
り（おどり）, dance,おけさ踊りという踊り , A dance called “Okesa odori”
る（おどる）, to dance,タンゴを踊る , Dance tango.
どろく , to be surprised,その知らせにおどろいた , I was surprised by the news
祭り（おまつり）, festival,お祭りはどうでしたか , How was the festival?
みまい , calling on someone who is ill,おみまい申し上げます , I’d like to express my sympathies
お土産（おみやげ）," present, souvenir",お土産を買います , Buy a souvenir
思い出す（おもいだす）," to recall, to remember",私はそれを今でも思い出す , I still remember that now
思う（おもう）, to think,どう思いますか , How do you think?
おもちゃ , toy,おもちゃで遊ぶ , Play with toys
表（おもて）," surface, outside, exterior",表を飾る , Decorate the outside
親（おや）, parents,親を大切にする , <span style=background-color
下りる（おりる）, to go down,山を下りる , Go down a mountain
おる ," to be, to exist",家におる , I’m home
折る（おる）," to break, to fracture",腕を折る , Break one’s arm
お礼（おれい）," thanks, gratitude",お礼の手紙 , Thank you letter
折れる（おれる）," to be broken, to be folded",枝が折れる , The branch is broken
終わり（おわり）, the end,これで終わりです , That’s all
カーテン , curtain,カーテンを掛ける , Hang the curtain
海岸（かいがん）," coast, beach",夏は海岸へ行く , I go to the beach in the summer
会議（かいぎ）," meeting, conference",会議に出席します , Attend the meeting
会議室（かいぎしつ）, conference room,会議室を予約する , Reserve a conference room
会場（かいじょう）," assembly hall, meeting place",会場はどこですか , Where is the venue?
会話（かいわ）, conversation,会話を続ける , Carry on a conversation
帰り（かえり）," return, coming back",お帰りは何時ですか , What time do you come back?
変える（かえる）, to change,彼女は髪型を変える , She changes her hairstyle
科学（かがく）, science,彼は科学者です , He is a scientist
鏡（かがみ）, mirror,鏡に映る , To be reflected in the mirror
掛ける（かける）, to hang up,コートをハンガーに掛ける , Hang the coat on the hanger
かざる , to decorate,窓をかざる , Decorate the window
火事（かじ）," fire, conflagration",火事を消す , Extinguish a fire
ガス , gas,ガス漏れ , A gas leak
ガソリン ," gasoline, petrol",ガソリンが切れる , Be out of gas
ガソリンスタンド ," gas station, petrol station",近くにガソリンスタンドはありますか , Is there a gas station nearby?
方（かた）," way, way of",泳ぎ方を教えてください , Please tell me how to swim
かたい ," hard, stubborn",かたい木 , Hard wood
形（かたち）, shape,形を変える , Change the shape
片付ける（かたづける）, to tidy up,ゴミを片付ける , Clean up the trash
課長（かちょう）," section manager, section chief",彼らは彼を課長に選びました , They elected him as the section manager
勝つ（かつ）, to win,私は彼女に勝つ , I will win over her
かっこう , appearance,かっこうがいい ," Good, cool"
家内（かない）, (my) wife,家内は医師です , My wife is a doctor
悲しい（かなしい）, sad,それは悲しい , That’s sad
必ず（かならず）, certainly,僕たちは必ず勝つ , We will certainly win
金持ち／お金持ち（かねもち／おかねもち）, rich person,彼は金持ちだと思う , I think he is rich
彼女（かのじょ）, she,彼女は美しい , She is beautiful
壁（かべ）, wall,壁に壁紙をはる , Hang the wallpaper on the wall
かまう ," to mind, to look after, to care about",彼女は息子のことをかまいすぎる , She cares too much about her son
髪（かみ）, hair,髪を染める , Dye one’s hair
噛む（かむ）," to bite, to chew",ガムを噛む , Chew gum
通う（かよう）," to go to (school, work, etc.), to run between (e.g","bus, train, etc.)",大学に通います 
ガラス , glass,ガラスを作る , Make glass
彼（かれ）, he,彼は私の彼氏です , He is my boyfriend
彼ら（かれら）, they,彼らは若いです , They are young
乾く（かわく）, to get dry,洗濯物が乾く , The laundry dries
代わり（かわり）," substitute, replacement",私が彼に代わりに回答します , I will answer in place of him
変わる（かわる）," to change, to be  transformed",色が変わる , To change in color
考える（かんがえる）," to think (about, of)",将来を考える , Think about the future
関係（かんけい）," relation, relationship",関係を絶つ , Cut off a relationship
かんごふ , (female) nurse,彼女はかんごふです , She is a nurse
簡単（かんたん）," simple, easy",それほど簡単じゃない , It’s not that easy
頑張る（がんばる）, to do one’s best,私は今日も頑張る , I will do my best today too
気（き）," mood, feelings",勉強に気が乗る , Get inspired to study
機会（きかい）," chance, opportunity",機会を作る , Create an opportunity
危険（きけん）, danger,そこはとても危険です , It’s very dangerous there
聞こえる（きこえる）," to be heard, to be audible",波の音が聞こえる , I can hear the sound of waves
汽車（きしゃ）, train,汽車が来た , The train came
技術（ぎじゅつ）," technology, technique, skill",私には技術がない , I have no skill
季節（きせつ）, season,クリスマスの季節 , Christmas season
規則（きそく）," rule, regulation",規則を守る , Follow the rules
きっと ," surely, certainly",彼はきっと来る , He will surely come
きぬ , silk,絹を紡ぐ , Spin silk
厳しい（きびしい）, strict,彼はとても厳しいです , He is very strict
気分（きぶん）," feeling, mood",気分はどうですか , How are you feeling?
決まる（きまる）, to be decided,急に出張が決まる , My business trips get decided suddenly
君（きみ）, you,君が好きだ , I love you
決める（きめる）, to decide,投票で決める , We will decide by vote
気持ち（きもち）, feeling,気持ちがわかる , I know how you feel
着物（きもの）," Kimono, clothing",着物を着る , Wear kimono
客（きゃく）," guest, customer, client",客を招く , Entertain guests
急（きゅう）," sudden, unexpected",急な知らせ , Sudden news
急行（きゅうこう）, express (train),急行で行く , Go by express
教育（きょういく）, education,教育システム , Education system
教会（きょうかい）, church,私は毎日曜日教会に行きます , I go to the church every Sunday
競争（きょうそう）," competition, race",自転車競争 , A bicycle race
興味（きょうみ）, interest,興味がある , Being interested in something
近所（きんじょ）, neighborhood,この近所には誰もいない , There isn’t anyone in this neighborhood
具合（ぐあい）," condition, health, state (of health)",体の具合がとてもよい , My health is very good
空気（くうき）," air, atmosphere, situation",空気を読む , Read the situation
空港（くうこう）, airport,今、空港に着きました , I just arrived at the airport
草（くさ）," grass, weed",雑草を抜く , Pull weeds
くださる ," to give, to confer, to bestow",そうしてくださるとはご親切でした , It was kind of you to do so
首（くび）, neck,首が痛い , My neck hurts
雲（くも）, cloud,雲が出てきた , Clouds are gathering
比べる（くらべる）, to compare,私は前と比べると元気です , I’m feeling better compared to before.
くれる , to be given,手伝ってくれる？ , Can you help me?
暮れる（くれる）," to get dark, to end (of a day, year, etc.)",日が暮れる , It grows dark / Night falls
～くん , suffix often added to a boy’s name,,
毛（け）," hair, fur, wool, feathers",鳥の毛 , a feather
計画（けいかく）, plan,計画を立てる , Make a plan
経験・する（けいけん・する）, experience,苦い経験 , Bitter experience
経済（けいざい）," economics, economy",経済政策 , Economic policies
けいさつ , police,けいさつを呼ぶ , Call the police
けが・する ," injury (to animate object), hurt",目をけがする , Injure one’s eye
ケーキ , cake,ケーキを焼く , Bake a cake
景色（けしき）," scenery, scene",景色がよい , Nice scenery
けしゴム , eraser,けしゴム付きえんぴつ , Pencil with the eraser
下宿（げしゅく）," lodging, lodging house",下宿を探す , Look out for lodgings
決して（けっして）," never, by no means, in no way",決して負けない , Never lose
けれど/けれども ," but, however",疲れているけれど頑張ります , I’m tired but I will do my best
原因（げんいん）, cause,原因は何ですか , What was the cause?
けんか・する ," quarrel, fight",けんかをする気はない , I have no stomach for a fight
玄関（げんかん）," entrance, front door, entryway",玄関の前で待つ , Wait in front of the entrance hall
研究（けんきゅう）," study, research",医学を研究する , Study medicine
研究室（けんきゅうしつ）, laboratory,この本は研究室にあります , This book is in the laboratory
見物（けんぶつ）, sightseeing,東京を見物する , See the sights of Tokyo
子（こ）, child,うちの子は気が小さい , My child is timid
こう ," in this way, thus, such",,
郊外（こうがい）, suburb,東京の郊外に住む , Live in a suburb of Tokyo
講義（こうぎ）, lecture,講義を聞く , Hear a lecture
工業（こうぎょう）, (manufacturing) industry,化学工業 , Chemical industry
高校／高等学校（こうこう／こうとうがっこう）, high school,彼はその高校に入りました , He entered that high school
高校生（こうこうせい）, high school student,君は高校生ですか , Are you a high school student?
工場（こうじょう）, factory,工場を建てる , Build a factory
校長（こうちょう）, principal,彼はその高校の校長です , He is the principal of that high school
交通（こうつう）, traffic,交通規則を守る , Observe the traffic rules
講堂（こうどう）," auditorium, lecture hall",講堂の中では静かにしなさい , Please keep quiet in the lecture hall
公務員（こうむいん）," government worker, public servant, civil servant",私は公務員になりたい , I want to become a civil servant
国際（こくさい）, international,国際問題 , International issues
心（こころ）, heart,心が折れた , Heart-broken
ご主人（ごしゅじん）," your husband, her husband",ご主人はご在宅ですか , Is your husband at home?
故障・する（こしょう・する）," breakdown, out of order",電話は故障している , The phone is out of order
ごぞんじ , knowing (polite form),あの人をご存じですか , Do you know that person?
答え（こたえ）, answer,正しい答え , Right answer
ごちそう ," feast, treating (someone)",ごちそうを食べる , Enjoy the feast
こっち ," this way, this direction",こっちを見て , Look over here
こと ," thing, matter",私のこと好きですか , Do you like me?
小鳥（ことり）," small bird, little bird",小鳥を育てる , Raise a little bird
このあいだ ," the other day, recently",このあいだ、東京に行った ," Recently, I went to Tokyo"
このごろ ," these days, recently, lately",私はこのごろとても忙しいです , I’m very busy recently
細かい（こまかい）," small, fine",細かい雨 , small rain / 細かい考え 
ごみ ," trash, garbage",ごみを捨てる , throw garbage away
込む（こむ）, to be crowded,道が込んでいる , The road is crowded
米（こめ）, rice,米粒 , grain of rice
ごらんになる ," to see, to look, to watch (honorific)",家をご覧になるならご案内しましょう , I will show you over the house
これから , after this,これから行きます , I’m going now
怖い（こわい）, scary,彼は雷が怖い , He is scared of thunder
壊す（こわす）," to break, to destroy",パソコンを壊す , Break the personal computer
壊れる（こわれる）, to be broken,パソコンが壊れる , The PC is broken
コンサート , concert,コンサートに行く , Go to a concert
今度（こんど）," this time, now",今度はあなたの番だ , It’s your turn now
コンピュータ/コンピューター , computer,コンピューターを起動する , Start the computer
今夜（こんや）," this evening, tonight",今夜は暖かい , It’s warm tonight
最近（さいきん）," recently, these days",最近雨が多いです , There’s been a lot of rain recently
最後（さいご）," end, last, final",日曜日は週の最後の日です , Sunday is the last day of the week
最初（さいしょ）," beginning, first",最初の印象 , First impression
坂（さか）," slope, hill",坂を上る , Go up a slope
探す（さがす）," to search, to look for",職を探す , Look for a job
下がる（さがる）," To come down, to fall",物価が下がる , The prices fall
さかん , popular,今日はファストフードがさかんになった ," Nowadays, fast food has become popular"
下げる（さげる）," to lower, to reduce",物価を下げる , Lower the prices
さしあげる ," to give, offer",あなたにお土産を差し上げます , I give you this souvenir
さっき ," just now, some time ago",彼はさっき出かけた , He went out just now
寂しい（さびしい）, lonely,私はとても寂しいです , I’m very lonely
～さま ," Mr, Mrs, Miss",,
再来月（さらいげつ）, month after next,再来月は 12 月です , The month after next is December
再来週（さらいしゅう）, week after next,私は再来週に引っ越します , I am going to move the week after next
サラダ , salad,サラダを作る , Make a salad
さわぐ , to make noise,さわがないでください , Please don’t make noise
触る（さわる）, to touch,それに触るな , Don’t touch that
産業（さんぎょう）, industry,国内産業 , Domestic industry
サンダル , sandal,サンダルをはく , Wear sandals
サンドイッチ , sandwich,サンドイッチを作る , Make sandwiches
残念（ざんねん）," unfortunate, regrettable",それは残念です , That is unfortunate
市（し）, city,京都市 , Kyoto City
字（じ）," character, handwriting",彼女は字が上手だ , She has good handwriting
試合（しあい）," match, game",試合に勝った , Won the match
仕方（しかた）," way, method",仕方がありません , There is no other way
しかる , to scold,彼は人前で私をしかりました , He scolded me in front of everyone
試験（しけん）," exam, test",試験を受ける , Take an exam
事故（じこ）, accident,事故は不注意から起こる , Accidents occurs due to carelessness
地震（じしん）, earthquake,大きな地震が起きる , A big earthquake occurs
時代（じだい）," period, era, the times",古い時代 , The ancient times of the earth
下着（したぎ）, underwear,下着をかえる , Change underwear
支度・する（したく・する）, preparation,冬支度をする , Prepare for winter
しっかり , securely,ドアをしっかり閉める , Close the door properly
失敗（しっぱい）," failure, mistake",失敗しました , I failed
失礼（しつれい）, impoliteness,お先に失礼します , I’m going first
辞典（じてん）, dictionary,辞典を引く , Look up dictionary
品物（しなもの）, goods,品物を売る , Sell goods
しばらく ," for a moment, for a while",しばらくお待ちください , Please wait a moment
島（しま）, island,島に住んでいます , I live on the island
市民（しみん）, citizen,市民運動 , citizens’ campaign
事務所（じむしょ）, office,彼は今事務所にいない , He is not in the office right now
社会（しゃかい）, society,社会問題 , Social problem
社長（しゃちょう）," company president, manager",私は社長になりたいです , I want to become a manager
じゃま ," obstacle, nuisance",おじゃまします , Excuse me for disturbing you
ジャム , jam,ジャムを作る , Make jam
自由（じゆう）, freedom,自由に生きる , Live freely
習慣（しゅうかん）," habit, custom",悪い習慣をやめる , Stop the bad habits
住所（じゅうしょ）, address,住所を移す , To change one’s address
柔道（じゅうどう）, judo,柔道を習う , Learn judo
十分（じゅうぶん）," enough, sufficient",私は十分に寝ていない , I don’t sleep enough
出席・する（しゅっせき・する）," attendance, presence",今度の会議に出席します , I am going to attend the next meeting
出発・する（しゅっぱつ・する）, departure,何時に出発しますか , What time will you depart?
趣味（しゅみ）, hobby,私の趣味は旅行です , My hobby is traveling
準備・する（じゅんび・する）," preparation, getting ready",準備はできましたか , Are you ready?
紹介（しょうかい）, introduction,自己紹介をしてください , Please introduce yourself
正月（しょうがつ）, New Year,もうすぐお正月です , It will soon be New Year
小学校（しょうがっこう）," primary school, elementary school",小学校に入学する , Enroll in elementary school
小説（しょうせつ）, novel,小説を書く , Write a novel
招待・する（しょうたい・する）, invitation,招待どうもありがとう , Thank you for your invitation
承知・する（しょうち・する）," knowledge, awareness",彼はそれを承知していますか , Does he know that?
将来（しょうらい）, future,将来の計画を立てる , Make plans for the future
食事・する（しょくじ・する）," meal, dinner",食事ができた , Dinner is ready
食料品（しょくりょうひん）," foodstuff, groceries",スーパーで食料品を買いました , I bought groceries at the supermarket
女性（じょせい）," woman, female",女性を守る , Protect women
知らせる（しらせる）, to inform,人に知らせる , to inform a person
調べる（しらべる）," to investigate, to check up, to examine",彼のポケットを調べる , Check his pockets
人口（じんこう）, population,人口が減った , Population decreased
神社（じんじゃ）, Shinto shrine,神社に参る , To visit a Shinto shrine
親切（しんせつ）," kind, gentle, friendly",彼女は親切です , She is friendly
心配・する（しんぱい・する）," worry, concern",君は心配しすぎだ , You worry too much
新聞社（しんぶんしゃ）, newspaper company,私は新聞社に勤めています , I work for a newspaper company
水泳（すいえい）, swimming,彼は水泳が上手だ , He is good at swimming
水道（すいどう）," water supply, water service",水道の水 , Tap water
ずいぶん ," very, extremely",君はずいぶん遅いね , You are so late
数学（すうがく）, mathematics,私は数学が嫌い , I hate math
スーツ , suit,スーツを着る , Wear suit
スーツケース , suitcase,スーツケースを検査する , Inspect the suitcases
スーパー（マーケット）, supermarket,スーパーへ買い物に行く , Go to the supermarket to go shopping
すぎる ," to go beyond, to exceed, to be above",食べすぎるな , Don’t eat too much
すく ," to be hungry, to get empty",とてもお腹がすいた , I’m very hungry
スクリーン , screen,窓スクリーン , Window screen
すごい ," amazing, great, wonderful",君はすごい , You are amazing
進む（すすむ）," to go forward, to advance",前へ進む , To move forward
すっかり , completely,すっかり忘れる , To forget completely
ずっと , the whole time,ずっと私と一緒にいて , Be with me forever
ステーキ , steak,今日はステーキが食べたい , I want to eat steak today
ステレオ , stereo,ステレオカメラ , Stereo camera
捨てる（すてる）, to throw away,ごみを捨てる , Throw away the garbage
砂（すな）, sand,砂の城 , Sand castle
すばらしい , wonderful,あなたはすばらしい , You are wonderful
すべる , to slip,道が凍ってすべる , The road is slippery with ice
すみ ," corner, nook",すみからすみまで , In every nook and corner
済む（すむ）," to finish, to end",仕事はすぐ済みます , I will soon finish the work
すり , pickpocket,すりに遭う , Encounter a pickpocket
すると ," thereupon, hereupon",12 時になった。するとベルが鳴った , It was 12 o’clock and then the bell rang
生活・する（せいかつ・する）," living, life",楽しい生活 , Happy life
生産・する（せいさん・する）, production,生産を減らす , Reduce production
政治（せいじ）, politics,政治工作 , Political maneuvering / politicking
西洋（せいよう）," the west, Western countries",西洋の文明 , Western civilization
世界（せかい）, world,世界を変える , Change the world
席（せき）, seat,窓側の席がいいです , I’d like a window seat
説明（せつめい）, explanation,説明が難しい , Difficult to explain
背中（せなか）, back,背中が痛い , My back hurts
ぜひ ," certainly, without fail",ぜひきてください , Please come by all means
世話・する（せわ・する）," looking after, help",お世話になっております , Thank you for always helping me
線（せん）, line,この赤い線を見てください , Please look at this red line
ぜんぜん ," not at all, wholly, completely",ぜんぜん疲れていません , I’m not tired at all; ぜんぜん味が違う 
戦争（せんそう）, war,戦争と平和 , War and peace
先輩（せんぱい）, senior,彼は私の先輩です , He is my senior
専門（せんもん）, specialty,彼の専門は日本史だ , His specialty is Japanese history
そう ," in that way, thus, such",,
相談・する（そうだん・する）," consultation, discussion",私は相談があります , There’s something I’d like to discuss
育てる（そだてる）," to raise, to rear, to bring up",子供を育てる , Rear children
卒業（そつぎょう）, graduation,卒業式を行う , To hold the graduation ceremony
祖父（そふ）, grandfather,祖父は非常に健康だ , My grandfather is very healthy
ソフト , soft,ソフトクリーム , soft ice cream
祖母（そぼ）, grandmother,祖母は目が悪い , My grandmother has poor eyesight
それで , because of that,それで君に相談に乗ってもらいたいんだ , So I you to discuss something with me
それに ," besides, moreover",彼女はきれいです。それに彼女は親切です , She is beautiful
それほど ," that much, to that degree",私の仕事はそれほど忙しくない , My job isn’t that busy
そろそろ ," soon, momentarily",そろそろ寝る時間です , It’s time to go to bed now
そんな ," such, like that",そんなことはない , That’s not true
そんなに ," so much, like that",そんなに急ぐな , Don’t be in such a hurry
退院・する（たいいん・する）," leaving hospital, discharge from hospital",彼は退院しました , He left the hospital
大学生（だいがくせい）, university student,私は大学生です , I am a university student
大事（だいじ）," important, serious matter",始めるが大事 , The beginning is important
大体（だいたい）," general, approximately, about",大体正しい , That is almost correct
たいてい ," usually, mostly, generally",たいてい 7 時に起きます , I usually get up at 7 o’clock
タイプ , type,彼は私のタイプだ , He’s my type
大分（だいぶ）," considerably, greatly, a lot",私は大分元気になりました , I have gotten a lot better
台風（たいふう）, typhoon,今年は台風が多い , There are many typhoons this year
倒れる（たおれる）," to fall, to collapse",木が倒れる , The tree falls
だから ," so, therefore",私は疲れました。だから早く帰りたい , I’m tired
たしか ," sure, certain, definite",彼が来たのはたしか昨日の夜でした , He definitely came last night
足す（たす）, to add,4 足す 3 は 7 , Three added to four makes seven
たずねる , to visit,先生の家をたずねる , Visit the teacher’s house
たずねる , to ask,道をたずねる , Asking for directions
正しい（ただしい）," correct, right",正しい答え , Right answer
畳（たたみ）, tatami mat,畳をさす , Sew a mat
～だて ,,,
立てる（たてる）," to make, to establish, to set up",計画を立てる , Make a plan
建てる（たてる）, to build,家を建てる , Build a house
例えば（たとえば）," for example, for instance",日本には美しい都市が多い。例えば東京、京都だ , Japan is full of beautiful cities
棚（たな）," shelf, rack",本を棚に置く , Shelve books<i class=fa fa-volume-up sentenceAudioIcon></i>
楽しむ（たのしむ）, to enjoy (oneself),音楽を楽しむ , Enjoy music
楽しみ（たのしみ）," pleasure, enjoyment",読書が最大の楽しみだ , Reading is the biggest pleasure
たまに ," occasionally, rarely",彼女はたまに料理をします , She cooks occasionally
ため , because,雪が降ったため、電車が遅れた , The train was delayed because it snowed
だめ ," no good, cannot, not allowed",うそはだめです , Lying is bad
足りる（たりる）, to be enough,その大きさで足りますか , Is it large enough?
男性（だんせい）," man, male",この男性はだれですか , Who is this man?
暖房（だんぼう）, (indoor) heating,暖房をつける , Turn on the heating
血（ち）, blood,血が出る , To bleed
チェック・する , check,メールをチェックする , Check e-mails
力（ちから）," strenght, energy",力が尽きた , My energy is exhausted
ちっとも , not at all,風がちっともない , There is not a breath of air
～ちゃん , suffix often added to a child’s name,,
注意（ちゅうい）, attention,注意を引く , To attract attention
中学校（ちゅうがっこう）," junior high school, middle school",彼女は中学校に通っています , She goes to middle school
注射（ちゅうしゃ）, injection,注射が怖い , I am scared of getting injection
駐車場（ちゅうしゃじょう）," parking lot, parking place",駐車場は満車だ , The parking place is full
地理（ちり）, geography,地理学 , Geography
つかまえる ," to catch, to arrest",猫はねずみをつかまえる , Cat catches mouse
月（つき）," moon, month",月が満ちた , The moon is full / 再来月は 12 月だ 
つける ," to soak, to steep, to dip",醤油につける , Dip in soy sauce
都合（つごう）," condition, convenience",いつ都合がいいですか , When is it convenient for you?
伝える（つたえる）," to convey, to tell",彼にそのことを伝える , I will tell him that
続く（つづく）," to continue, to go on",この話は続きます , This story will continue
続ける（つづける）," to continue, to keep up, to keep on",会話を続ける , Continue the conversation
包む（つつむ）," to wrap up, to dress in",お菓子を紙で包む , Wrap sweets in paper
妻（つま）," wife, my dear, honey",私は妻と一緒に出かけます , I go out with my wife
つもり ," intention, plan",日本に行くつもりです , I’m going to go to Japan
釣る（つる）," to fish, to angle, to catch",私は魚を釣る , I will fish
連れる（つれる）," to take (someone) with one, to bring along",彼を公園に連れて行きます , I am going to take him to the park
丁寧（ていねい）, polite,彼は私の質問に丁寧に答えました , He answered my question politely
テキスト , textbook,私は今日テキストを忘れました , I forgot my textbook today
適当（てきとう）, suitable,適当な人を選ぶ , Choose a suitable person
できる , to be able,あなたは泳ぐことができますか , Can you swim?
できるだけ , as much as possible,できるだけ早く来なさい , Please come as soon as possible
手伝う（てつだう）, to help,私が手伝うことはありますか , Is there anything I can help with?
テニス , tennis,テニスが好きです , I like playing tennis
手袋（てぶくろ）, glove,手袋を脱ぐ , Draw one’s gloves off
寺（てら）, temple,寺に参る , Visit temple
点（てん）," points, mark, score",百点を取る , Get 100 points
店員（てんいん）," employee (of a store), clerk, salesperson",ここの店員はとても親切です , The clerk here is very friendly
天気予報（てんきよほう）, weather forecast,天気予報では明日は晴れです , The weather forecast says it will be fine tomorrow
電灯（でんとう）, electric light,電灯をつける , To switch on the electric light
電報（でんぽう）, telegram,電報を打つ , Send a telegram
展覧会（てんらんかい）, exhibition,展覧会を開く , To hold an exhibition
都（と）," metropolitan, municipal",都市計画 , City planning
道具（どうぐ）, tool,髪を切る道具 , A tool for cutting hair
とうとう , finally,とうとう彼は来なかった ," He didn’t come, after all"
動物園（どうぶつえん）, zoo,動物園へ行くのが好きです , I like going to the zoo
遠く（とおく）," far away, at a distance",distant place,遠くから来る 
通る（とおる）," to pass through, to go through",汽車がトンネルを通る , A train runs through a tunnel
特に（とくに）," particularly, especially",私は特に数学が嫌い , I especially hate Math
特別（とくべつ）," special, particular",それはとても特別だ , That is very special
とこや , barber,とこやに行く , Go to the barber
途中（とちゅう）," on the way, midway, in the middle of",途中であきらめるな , Don’t give up halfway
特急（とっきゅう）," limited express (train, faster than an express)",特急券 ," Limited-express ticket, special-express ticket"
届ける（とどける）," to deliver, to send",それをあなたに届ける , I will send it to you
泊まる（とまる）, to stay at,宿に泊まる , Stay at a lodge
止める（とめる）, to stop,車を止める , Stop the car
取り替える（とりかえる）, to exchange,私はそれを取り替えます , I will exchange that
どろぼう ," thief, robber",どろぼうは逃げた , The thief ran away
どんどん ," rapidly, quickly",時間がどんどん経った , Time went quickly
直す（なおす）," to fix, to repair",時計を直す , Fix the watch
直る（なおる）," to be repaired, to be fixed",私の自転車が直った , My bicycle was repaired
治る（なおる）," to be cured, to be healed",病気が治る , Be cured of a disease
なかなか ," by no means, not readily",火がなかなか燃えない , The fire won’t burn
泣く（なく）, to cry,それを見て泣きます , I will cry when I see that
無くなる（なくなる）," to be lost, to be used up, to be run out",お金が無くなる , I won’t have money
亡くなる（なくなる）, to die,彼が 70 歳で亡くなる , He died at the age of seventy
投げる（なげる）," to throw, to toss",石を投げる , Throw stones
なさる , to do,何をなさるつもりですか , What are you going to do?
鳴る（なる）," to sound, to ring",電話のベルが鳴る , The phone rings
なるべく , as much as possible,私はなるべく早く来ます , I will come as soon as possible
なるほど ," I see, that’s right, indeed",なるほど、それは間違いかもしれない ," It may, indeed, be a mistake"
慣れる（なれる）, to get used to,仕事に慣れる , Get used to work
におい ," scent, smell",においをかぐ , Smell something
苦い（にがい）, bitter,この薬は苦い , This medicine tasted bitter
逃げる（にげる）," to escape, to run away",あの猫は犬から逃げる , That cat runs away from that dog
日記（にっき）, diary,日記を書く , Write a diary
入院・する（にゅういん・する）," hospitalization, hospitalisation",彼は入院中です , He is hospitalized right now
入学・する（にゅうがく・する）," entry to school or university, enrollment",大学に入学する , Enter college
にる ," to resemble, to look like",息子は父親ににる ," Like father, like son"
人形（にんぎょう）, doll,人形と遊ぶ , Play with doll
盗む（ぬすむ）, to steal,お金を盗むのは良くない , It is wrong to steal money
塗る（ぬる）, to paint,壁を白く塗ります , I will paint the wall white
ぬれる , to get wet,雨にぬれる , Get wet in the rain
値段（ねだん）, price,値段が上がる , The price gows up
熱（ねつ）, temperature,熱が下がる , The temperature goes down
熱心（ねっしん）," zealous, enthusiastic, eager",彼女は熱心な生徒です , She is an eager student
ねぼう , oversleeping,私はねぼうしました , I over slept
眠い（ねむい）, sleepy,今とても眠いです , I’m very sleepy now
眠る（ねむる）, to sleep,彼は座って眠る , He sleeps while sitting
残る（のこる）," to remain, to be left",10 から 4 引くと 6 残る , Subtract four from ten leaves six
のど , throat,のどが痛い , I have a sore throat
乗り換える（のりかえる）," to transfer (trains), to change (bus, train)",電車を乗り換える , Change trains
乗り物（のりもの）, vehicle,乗り物に乗る , Get on a vehicle
葉（は）, leaf,落ち葉を掃く , Sweep fallen leaves
場合（ばあい）," case, situation",その場合には、行くほうがいい ," In that case, it is better to go"
パート（タイム） , part-time (work),パートで働く , Work part-time
倍（ばい）," twice, double",8は 4 の倍です , 8 is double 4
拝見・する（はいけん・する）," seeing, looking at",切符を拝見いたします ," Show your ticket, please"
歯医者（はいしゃ）, dentist,私は明日、歯医者に行きます , I will go to the dentist tomorrow
運ぶ（はこぶ）," to carry, to move",これは私が自分で運びます , I can move this myself
始める（はじめる）," to start, to begin",仕事を始める , Start work
場所（ばしょ）, place,その場所は遠い , That place is far
はず ," it should be so, must be",彼は今日来るはずです , He will definitely come today
恥ずかしい（はずかしい）," embarrassing, embarrassed",私は今とても恥ずかしいです , I am so embarrassed right now
パソコン , personal computer,パソコンを使う , Use a computer
発音（はつおん）, pronunciation,英語の発音が難しいです , English pronunciation is difficult
はっきり , clearly,はっきり話す , Speak clearly
花見（はなみ）, cherry blossom viewing,私たちはお花見をします , We are going to go cherry blossom viewing
パパ , Daddy,パパは6時半に帰ります , My dad will be coming home at 6
林（はやし）, forest,美しい林 , A beautiful forest
払う（はらう）, to pay,現金で払う , Pay in cash
番組（ばんぐみ）, program (e.g,TV),テレビ番組 
反対（はんたい）," opposition, objection",誰か新計画に反対していますか , Does anyone oppose the new plan?
ハンバーグ , hamburger,お昼はハンバーグを食べた , I had hamburger for lunch
日（ひ）," day, sun",日を間違える , Mistake the date / 日が当たる 
火（ひ）, fire,火を消す , Extinguish the fire
ピアノ , piano,ピアノを弾く , Play piano
冷える（ひえる）," to grow cold, to cool down",料理が冷えています , The food is cold
光る（ひかる）, to shine,蛍が光る , Fireflies glow
光（ひかり）, light,光が照らす , Light shines
引き出し（ひきだし）, drawer,引き出しを開ける , Open the drawer
ひげ , beard,ひげを生やす , Grow a beard
飛行場（ひこうじょう）, airport,私は飛行場へ友達を見送りに行きます , I go to the airport to see my friend off
久しぶり（ひさしぶり）, a long time (since the last time),お久しぶりです , Long time no see
美術館（びじゅつかん）," art gallery, art museum",美術館で絵を見る , Look at paintings in art galleries
非常に（ひじょうに）," very, extremely",今日は非常に暑いです , It’s very hot today
びっくりする , to be surprised,彼女の顔を見てびっくりしました , I was surprised when I saw her face
引っ越す（ひっこす）," to move (house), to change residence",私は東京に引っ越すつもりです , I’m going to move to Tokyo
必要（ひつよう）," necessary, needed",君が必要だ , I need you
ひどい ," very bad, terrible, awful",ひどい寒さ , Terrible cold
開く（ひらく）, to open,ドアが開く , The door opens
ビル , building,ビルを建てる , Building the building
昼間（ひるま）, daytime,こちらは昼間は暑いです , This place is hot in the daytime
昼休み（ひるやすみ）, lunch break,私は今昼休みです , I’m having a lunch break right now.
拾う（ひろう）," to pick up, to gather",ごみを拾う , Pick up garbage
ファックス , fax,申込書をファックスで送ってください , Please fax me the application form
増える（ふえる）, to increase,給料が増える , The salary increases
深い（ふかい）, deep,深い森 , Deep woods
ふくざつ ," complex, complicated",その地図はふくざつだ , That map is complicated
復習（ふくしゅう）," review, revision",間違ったところを復習する , Review the mistaken parts
部長（ぶちょう）," head (chief, director) of a section or department",私は営業部長です , I am the sales manager
普通（ふつう）," general, ordinary, usual",それは普通です , That is normal
ぶどう , grape,私はぶどう酒が好きです , I like wine
太る（ふとる）," to become fat, to gain weight",私は太るだろう , I am probably fat
布団（ふとん）," futon, Japanese bedding consisting of a mattress and a duvet",布団をたたみなさい , Fold up your bedding
舟（ふね）," ship, boat",船を降りる , Get off the ship
不便（ふべん）, inconvenient,電話がないのは不便なことです , It’s inconvenient to have no phone
踏む（ふむ）," to step on, to tread on",人の足を踏む , Tread on one’s toes
プレゼント , present,プレゼントをあげる , Give a present
文化（ぶんか）, culture,文化活動を高める , Enhance cultural activities
文学（ぶんがく）, literature,ノーベル文学賞をもらう , Get the Nobel Prize in Literature
文法（ぶんぽう）, grammar,日本の文法は難しいです , Japanese grammar is difficult
別（べつ）," different, another",ある商品を別の商品と交換する , Exchange one product for another
ベル , bell,ベルが鳴る , The bell rings
変（へん）," strange, odd, weird",君は今日ちょっと変だよ , You look a bit strange today
返事（へんじ）," reply, answer",お返事ください , Please reply
ぼうえき , trade (foreign),外国とぼうえきする , To trade products with a foreign country
放送・する（ほうそう・する）," broadcast, broadcasting",放送をやめる , Cease broadcasting
法律（ほうりつ）, law,法律を守る , Follow the law
僕（ぼく）," I, me",僕に任せろ , Leave it to me
星（ほし）, star,星を数える , Count stars
ほど ," degree, extent, limit",私はどれほどあなたを愛しているかわからないの , Do you know how much I love you?
ほとんど , mostly,ほとんど寝ていません , I mostly don’t sleep
ほめる ," to praise, to admire",彼はあなたをほめた , He praised you
翻訳（ほんやく）, translation,翻訳は難しいですね ," Translating is difficult, isn’t it?"
まいる ," to go, to come, to visit (shrine, grave)",神社にまいる , Visit the shrine
負ける（まける）," to lose, to be defeated",３対０で彼には負けています ," He is losing, 3-0."
まじめ ," serious, earnest",彼は仕事をまじめにしない , He doesn’t work seriously
まず , first (of all),まずはこれを伝えたかった ," First of all, I wanted to say this"
または ," or, otherwise",英語または日本語で手紙を書く , Write a letter in English or Japanese
間違える（まちがえる）, to make a mistake (in),道を間違えました , I took the wrong road
間に合う（まにあう）, to be in time for,レッスンに間に合う , In time for the lesson
周り（まわり）," surroundings, neighborhood",彼は家の周りを見ました , He looked around the house
回る（まわる）," to turn, to revolve",地球は太陽を回る , Earth revolves around the sun
漫画（まんが）," cartoon, comic, comic strip",漫画を描く , Draw a cartoon
見える（みえる）," to be seen, to be in sight",山が見える , I can see the mountain
湖（みずうみ）, lake,とてもきれいな湖を見た , I saw a really pretty lake
みそ , miso,味噌汁を飲みました , I drank miso soup
見つかる（みつかる）," to be found, to be discovered",あなたは彼女が見つかるといいですね , I hope you find a girlfriend
見つける（みつける）," to discover, to find",宝を見つけるかもしれません , You may find some treasure
皆（みな）," all, everyone",皆のことが好きです , I like you all
港（みなと）," harbor, port",船が港を出る , A ship leaves the port
迎える（むかえる）," to go out to meet, to welcome, to greet",誕生日を迎えます , I will have my birthday
向かう（むかう）," to go towards, to head towards",私はその駅に向かう , I am going to head to that station
昔（むかし）, olden days,この町は昔のままだ , This town is the same as old days
虫（むし）," insect, bug",虫をつかまえる , Catch an insect
息子（むすこ）, son,息子さんはお元気ですか , How is your son?
娘（むすめ）, daughter,娘は9歳です , My daughter is 9 years old
無理（むり）," unreasonable, impossible",それは無理です , That’s impossible
召し上がる（めしあがる）," to eat, to drink",食べ物を召し上がる , Eat food
珍しい（めずらしい）, rare,この本は珍しいです , This book is rare
申し上げる（もうしあげる）," to say, to tell, to state, to express, to offer",意見を申し上げる , Express an opinion
申す（もうす）," to say, to be called",私は田中と申します , My name is Tanaka
もうすぐ ," soon, almost, nearly",もうすぐ春が来ます , Spring is coming soon
もし ," if, in case, supposing",もし私がお金持ちだったら、たくさんの車を買います ," If I am rich, I will buy lots of cars"
もちろん ," of course, certainly",もちろん覚えているよ , Of course I remember
もっとも ," most, extremely",もっとも正しい答え , The most correct answer
戻る（もどる）," to return, to go back",すぐに戻るよ , I’ll be back soon
もめん , cotton (material),もめんのシャツを着る , Wear a cotton shirt
もらう ," to receive, to take, to accept",プレゼントをもらう , Receive a present
森（もり）, forest,森を育てる , Grow a forest
焼く（やく）," to burn, to roast, to grill",魚を焼く , Grill a fish
役に立つ（やくにたつ）," to be helpful, to be useful",この本は高いが役に立ちます , This book is expensive but helpful
約束（やくそく）, promise,約束を守る , Keep a promise
焼ける（やける）," to burn, to be roasted, to be heated",魚が焼ける , Fish broils
優しい（やさしい）," kind, gentle",彼は優しいです , He is kind
やせる ," to become thin, to lose weight",あなたはやせていますね , You are losing weight
やっと , at last,やっとわかった , Finally I understand it.
やはり/やっぱり ," still, as before, as expected",それは、やはり無理ですね ," As I thought, that is impossible"
止む（やむ）," to cease, to stop",雨が止む , The rain stops
止める（やめる）, to stop,出血を止める , Stop the bleeding
柔らかい（やわらかい）, soft,赤ちゃんの手は柔らかい , The baby’s hands are soft
湯（ゆ）, hot water,お湯が出ません , There’s no hot water
夕飯（ゆうはん）, evening meal,夕飯を食べましたか , Did you have dinner?
輸出・する（ゆしゅつ・する）, export,日本車はアメリカに輸出される , Japanese cars are exported to the United States
輸入・する（ゆにゅう・する）, import,海外から輸入する , To import from abroad
指（ゆび）," finger, toe",指を指す , To point one’s finger at
指輪（ゆびわ）, ring (finger),彼は私に指輪をくれた , He gave me a ring
夢（ゆめ）, dream,夢を追う , I chase my dreams
揺れる（ゆれる）, to shake,地震で建物が揺れる , The buildings shake because of the earthquake
用（よう）," business, errand, engagement",用がある , I am engaged
用意（ようい）," preparation, arrangements, getting ready",夕食の用意をする , Get dinner ready
用事（ようじ）," tasks, things to do, errand, business ",その日は用事がある , I have plans on this day
汚れる（よごれる）," to get dirty, to become dirty",私の服は汚れました , My clothes got dirty
予習（よしゅう）, preparation for a lesson,私は予習しています , I am preparing for a lesson
予定（よてい）," plans, schedule",どこに行く予定ですか , Where are you going to go?
予約（よやく）, reservation,彼女がホテルを予約する , She books the hotel
寄る（よる）," to stop by, to drop by",そのお店に寄る , I will drop by that store
（～に）よると , according to,天気予報によると、明日は雨が降るそうです ," According to the weather forecast, it will rain tomorrow"
喜ぶ（よろこぶ）," to be delighted, to be glad, to be pleased",彼女は喜ぶ , She is happy
よろしい ," good, OK, all right, may, can",どこに行けばよろしいでしょうか , Where should I go?
理由（りゆう）, reason,理由は知らない , I don’t know the reason
利用（りよう）, use,機会を利用する , Embrace an opportunity
両方（りょうほう）," both, both sides",私の目は両方とも 1.0 まで見える , My eyesight in both eyes is 1.0
旅館（りょかん）," traditional inn, Japanese-style lodging",私はその旅館に泊まりました , I stayed at that Japanese inn
るす ," absence, being away from home",母はるすです , Mother is not at home
冷房（れいぼう）," cooling, air-conditioning",その部屋は冷房がついていますか , Does that room have air conditioning?
歴史（れきし）, history,歴史を勉強する , Study history
レジ , (cash) register,,
レポート/リポート , report,レポートを書く , Write a report
連絡（れんらく）," contacting, getting in touch, call",いつでもご連絡ください , Please contact me anytime
ワープロ , word processor,ワープロで手紙を書く , Write a letter on a word processor
わかす , to boil,湯を沸かす , Boil water
別れる（わかれる）," to separate (of a couple), to break up, to divorce",私と彼は別れるかもしれません , He and I might break up
わく ," to boil, to grow hot",私はお湯が沸くのを待っています , I’m waiting for the water to boil
わけ ," reason, cause, meaning",わけを聞く , Inquire the reason
忘れ物（わすれもの）," lost article, something forgotten",私は忘れ物を取りに行きます , I will go to get the things I forgot
笑う（わらう）," to laugh, to smile",彼は私のことを笑う , He laughs at me
割合（わりあい）," rate, ratio, proportion",作り方は粉 2 に砂糖 1 の割合にします , The recipe uses 2 parts flour to 1 part sugar
割れる（われる）," to break, to be smashed",窓が割れる , The window breaks
泳ぎ方（およぎかた）, way of swimming,彼は私に泳ぎ方を教えてくれた , He taught me how to swim
